ticker,date,cds_spread_bps,_base,_sect_adj,_vix_adj,_market_adj,_lev_adj,_vol_adj
AAPL,2018-03-31,121.34691049570532,15,-10,0,115.98125,0,0.0
AAPL,2018-06-30,188.22194354252872,15,-10,0,131.96969696969697,0,52.50022750032034
AAPL,2018-09-30,178.9281008103546,15,-10,0,134.61818181818182,0,38.40937755720504
AAPL,2018-12-31,214.2837752623209,15,-10,0,146.91076923076923,0,61.24432837188222
AAPL,2019-03-31,221.50992784215674,15,-10,0,135.50625,0,83.34492006854134
AAPL,2019-06-30,168.33894601798457,15,-10,0,116.11692307692309,0,48.78463834929628
AAPL,2019-09-30,153.70773371339075,15,-10,0,95.74925373134329,0,52.80507149824673
AAPL,2019-12-31,140.6461292371293,15,-10,0,90.16615384615385,0,45.859466501787736
AAPL,2020-03-31,162.29006261872777,15,-10,0,93.9323076923077,0,63.37791631542524
AAPL,2020-06-30,222.2945814921857,15,-10,0,93.72923076923078,0,124.58900343604323
AAPL,2020-09-30,131.84379258404246,15,-10,0,56.260606060606065,0,69.52790895360098
AAPL,2020-12-31,141.9179175080602,15,-10,0,50.7030303030303,0,85.28153688251517
AAPL,2021-03-31,120.92319706090954,15,-10,0,51.31692307692308,0,64.527037146913
AAPL,2021-06-30,117.29204644399599,15,-10,0,55.45,0,55.489356995634346
AAPL,2021-09-30,94.37257946293262,15,-10,0,49.36119402985076,0,39.450374222379395
AAPL,2021-12-31,106.34849109086714,15,-10,0,60.34545454545455,0,42.0341875008725
AAPL,2022-03-31,156.266243757835,15,-10,0,94.09375,0,56.72999281693601
AAPL,2022-06-30,220.96203582390137,15,-10,0,146.47384615384615,0,70.63884879105001
AAPL,2022-09-30,242.55218650520044,15,-10,0,166.56119402985075,0,69.93685211378096
AAPL,2022-12-31,278.38598104011135,15,-10,0,198.10461538461539,0,75.34127674867949
AAPL,2023-03-31,252.96210098322857,15,-10,0,183.25625000000002,0,64.92768581948286
AAPL,2023-06-30,231.35289261829936,15,-10,0,185.6123076923077,0,41.55770037927642
AAPL,2023-09-30,243.34257548779067,15,-10,0,199.45454545454547,0,37.42098042683636
AAPL,2023-12-31,248.84370653942062,15,-10,0,204.23384615384617,0,39.79529576405702
ABT,2018-03-31,168.92527645361707,60,-5,0,115.98125,0,0.0
ABT,2018-06-30,231.61649379927655,60,-5,0,131.96969696969697,0,46.33703787192308
ABT,2018-09-30,223.81132323421699,60,-5,0,134.61818181818182,0,31.638057325379084
ABT,2018-12-31,246.72929769853008,60,-5,0,146.91076923076923,0,43.06439695881326
ABT,2019-03-31,251.73207219534382,60,-5,0,135.50625,0,59.24470565968309
ABT,2019-06-30,210.72603211421134,60,-5,0,116.11692307692309,0,37.541168222850416
ABT,2019-09-30,199.08600271648803,60,-5,0,95.74925373134329,0,38.05684050096654
ABT,2019-12-31,183.7372997244259,60,-5,0,90.16615384615385,0,40.52193795691818
ABT,2020-03-31,194.6860583932102,60,-5,0,93.9323076923077,0,48.2125158004459
ABT,2020-06-30,264.23396135267376,60,-5,0,93.72923076923078,0,119.41083967903283
ABT,2020-09-30,173.27808332927808,60,-5,0,56.260606060606065,0,59.060776040309634
ABT,2020-12-31,166.25249239433998,60,-5,0,50.7030303030303,0,55.130395086249415
ABT,2021-03-31,148.85307966099927,60,-5,0,51.31692307692308,0,43.08310438081962
ABT,2021-06-30,153.41112245665627,60,-5,0,55.45,0,46.99387354607642
ABT,2021-09-30,142.52541092270337,60,-5,0,49.36119402985076,0,42.12172672817056
ABT,2021-12-31,153.7888611699402,60,-5,0,60.34545454545455,0,35.3205612429271
ABT,2022-03-31,198.03937473761846,60,-5,0,94.09375,0,45.37800471584194
ABT,2022-06-30,260.6957025534559,60,-5,0,146.47384615384615,0,56.61471591174484
ABT,2022-09-30,270.03402544517047,60,-5,0,166.56119402985075,0,51.66727801030542
ABT,2022-12-31,309.7336544053456,60,-5,0,198.10461538461539,0,55.514664670009935
ABT,2023-03-31,282.01886673877135,60,-5,0,183.25625000000002,0,43.202524854895856
ABT,2023-06-30,286.76567819346747,60,-5,0,185.6123076923077,0,45.10366523686052
ABT,2023-09-30,295.35212629063227,60,-5,0,199.45454545454547,0,36.71472270193548
ABT,2023-12-31,300.79684023581405,60,-5,0,204.23384615384617,0,40.48973544784938
BA,2018-03-31,257.4988202054902,120,15,0,115.98125,0,0.0
BA,2018-06-30,332.3601271842815,120,15,0,131.96969696969697,0,64.74167114749115
BA,2018-09-30,317.74579710293983,120,15,0,134.61818181818182,0,45.352069057334184
BA,2018-12-31,345.8568886499029,120,15,0,146.91076923076923,0,57.88575245108366
BA,2019-03-31,332.077761899248,120,15,0,135.50625,0,75.56020776986237
BA,2019-06-30,307.264044568935,120,15,0,116.11692307692309,0,59.215965169042015
BA,2019-09-30,282.6882052572046,120,15,0,95.74925373134329,0,56.45452900707212
BA,2019-12-31,275.4745172535561,120,15,0,90.16615384615385,0,56.441590750538296
BA,2020-03-31,318.0286333377656,120,15,0,93.9323076923077,0,91.7376912572341
BA,2020-06-30,510.45617874788644,120,15,0,93.72923076923078,0,267.3755113908055
BA,2020-09-30,335.87179285477737,120,15,0,56.260606060606065,0,152.92316550482641
BA,2020-12-31,296.8506522049566,120,15,0,50.7030303030303,0,101.85214969784808
BA,2021-03-31,260.18656595183904,120,15,0,51.31692307692308,0,90.02519268242766
BA,2021-06-30,262.67574271232894,120,15,0,55.45,0,75.44063900019238
BA,2021-09-30,247.5784505538145,120,15,0,49.36119402985076,0,61.65482709895568
BA,2021-12-31,264.0269621000216,120,15,0,60.34545454545455,0,63.05377317351798
BA,2022-03-31,318.58534411911336,120,15,0,94.09375,0,82.66381895310194
BA,2022-06-30,387.26110677327284,120,15,0,146.47384615384615,0,98.17112716150747
BA,2022-09-30,401.93839367045405,120,15,0,166.56119402985075,0,103.72496033418828
BA,2022-12-31,418.73024639659627,120,15,0,198.10461538461539,0,90.06420822156072
BA,2023-03-31,392.79525675577304,120,15,0,183.25625000000002,0,66.30243829570433
BA,2023-06-30,374.78507441797353,120,15,0,185.6123076923077,0,56.0092882445293
BA,2023-09-30,376.9326180835264,120,15,0,199.45454545454547,0,54.724661333024905
BA,2023-12-31,379.35170902158495,120,15,0,204.23384615384617,0,50.997420122172144
BAC,2018-03-31,163.77456451359612,30,20,0,115.98125,0,0.0
BAC,2018-06-30,236.7831011896357,30,20,0,131.96969696969697,0,53.620218434209676
BAC,2018-09-30,225.55166576665403,30,20,0,134.61818181818182,0,40.59166218190284
BAC,2018-12-31,242.59035677528644,30,20,0,146.91076923076923,0,44.02242269475456
BAC,2019-03-31,244.492621593599,30,20,0,135.50625,0,60.011777944806724
BAC,2019-06-30,212.3920494003701,30,20,0,116.11692307692309,0,45.8946310648629
BAC,2019-09-30,196.4481183521939,30,20,0,95.74925373134329,0,49.19744767532898
BAC,2019-12-31,185.12086045354954,30,20,0,90.16615384615385,0,45.69713830272426
BAC,2020-03-31,209.12740050880828,30,20,0,93.9323076923077,0,64.0988322463628
BAC,2020-06-30,317.92757611514594,30,20,0,93.72923076923078,0,175.7869676044751
BAC,2020-09-30,200.4672606213668,30,20,0,56.260606060606065,0,95.07798379251689
BAC,2020-12-31,172.14101617261764,30,20,0,50.7030303030303,0,72.3541568151833
BAC,2021-03-31,166.8898901164879,30,20,0,51.31692307692308,0,68.44298218897852
BAC,2021-06-30,155.9060614615599,30,20,0,55.45,0,49.287327507674476
BAC,2021-09-30,147.1753258232297,30,20,0,49.36119402985076,0,48.94069740986548
BAC,2021-12-31,159.3070870547725,30,20,0,60.34545454545455,0,48.9316466243715
BAC,2022-03-31,203.167082277979,30,20,0,94.09375,0,57.91954029660482
BAC,2022-06-30,266.1872498863053,30,20,0,146.47384615384615,0,68.6417289099873
BAC,2022-09-30,281.235729831176,30,20,0,166.56119402985075,0,63.07761153979056
BAC,2022-12-31,314.1887283185853,30,20,0,198.10461538461539,0,66.32047809679253
BAC,2023-03-31,283.0674441922029,30,20,0,183.25625000000002,0,50.827110141108875
BAC,2023-06-30,297.68731617270424,30,20,0,185.6123076923077,0,62.266332186571915
BAC,2023-09-30,292.98460842643635,30,20,0,199.45454545454547,0,47.5796656133902
BAC,2023-12-31,300.50433056930916,30,20,0,204.23384615384617,0,49.743554349278405
C,2018-03-31,189.63229186069887,60,20,0,115.98125,0,0.0
C,2018-06-30,255.88078632238017,60,20,0,131.96969696969697,0,48.6978741251703
C,2018-09-30,257.04941637399725,60,20,0,134.61818181818182,0,40.512318267542916
C,2018-12-31,268.19569292718586,60,20,0,146.91076923076923,0,45.6312231621449
C,2019-03-31,273.81161321575104,60,20,0,135.50625,0,60.120543475140146
C,2019-06-30,250.29246262413372,60,20,0,116.11692307692309,0,47.93924371783752
C,2019-09-30,226.28001569114946,60,20,0,95.74925373134329,0,52.240829020901
C,2019-12-31,224.00828593293153,60,20,0,90.16615384615385,0,50.302057358135656
C,2020-03-31,242.24369489363292,60,20,0,93.9323076923077,0,72.79275206537264
C,2020-06-30,378.71256138599074,60,20,0,93.72923076923078,0,205.9694308945246
C,2020-09-30,247.00635754066997,60,20,0,56.260606060606065,0,115.3058573436347
C,2020-12-31,205.30465633959997,60,20,0,50.7030303030303,0,76.22898480089239
C,2021-03-31,210.64462330417555,60,20,0,51.31692307692308,0,75.294221167457
C,2021-06-30,178.31027681710194,60,20,0,55.45,0,51.151414848425226
C,2021-09-30,179.30733783522905,60,20,0,49.36119402985076,0,47.86091031635818
C,2021-12-31,185.80825059218347,60,20,0,60.34545454545455,0,44.321665155534
C,2022-03-31,220.99448343695383,60,20,0,94.09375,0,49.75265322429846
C,2022-06-30,282.4092546029036,60,20,0,146.47384615384615,0,62.87648615012203
C,2022-09-30,325.6824889491036,60,20,0,166.56119402985075,0,78.77507328222626
C,2022-12-31,339.50742372148693,60,20,0,198.10461538461539,0,63.94437334037782
C,2023-03-31,318.0658371649098,60,20,0,183.25625000000002,0,53.69274135040716
C,2023-06-30,330.0398719212058,60,20,0,185.6123076923077,0,64.32267393038556
C,2023-09-30,330.5678427894681,60,20,0,199.45454545454547,0,43.4247586565822
C,2023-12-31,325.8081300067057,60,20,0,204.23384615384617,0,42.72319086473006
CAT,2018-03-31,186.06846203541502,60,15,0,115.98125,0,0.0
CAT,2018-06-30,272.5325636906565,60,15,0,131.96969696969697,0,64.70234367316924
CAT,2018-09-30,262.24612567947156,60,15,0,134.61818181818182,0,51.571959778225285
CAT,2018-12-31,297.00510636699124,60,15,0,146.91076923076923,0,68.57023677506794
CAT,2019-03-31,295.9495683185539,60,15,0,135.50625,0,81.43478433816391
CAT,2019-06-30,245.45280949097216,60,15,0,116.11692307692309,0,52.622905330131445
CAT,2019-09-30,227.00680333484974,60,15,0,95.74925373134329,0,49.23369572565256
CAT,2019-12-31,213.09632210573352,60,15,0,90.16615384615385,0,53.63623092032934
CAT,2020-03-31,225.63527408778052,60,15,0,93.9323076923077,0,59.77377375267162
CAT,2020-06-30,295.9435986990893,60,15,0,93.72923076923078,0,131.66193244860503
CAT,2020-09-30,203.82870442746062,60,15,0,56.260606060606065,0,74.43918542200224
CAT,2020-12-31,183.8692114716712,60,15,0,50.7030303030303,0,64.77427467691118
CAT,2021-03-31,188.6154205025302,60,15,0,51.31692307692308,0,59.249772880898
CAT,2021-06-30,180.1181067298472,60,15,0,55.45,0,50.73477567592132
CAT,2021-09-30,163.85013975575714,60,15,0,49.36119402985076,0,46.54881593951914
CAT,2021-12-31,181.57278710807,60,15,0,60.34545454545455,0,51.102112152411635
CAT,2022-03-31,226.78484730123412,60,15,0,94.09375,0,56.18623083347318
CAT,2022-06-30,289.41630062475394,60,15,0,146.47384615384615,0,63.919446945014755
CAT,2022-09-30,325.68847406999356,60,15,0,166.56119402985075,0,74.54297176002224
CAT,2022-12-31,356.8584566403539,60,15,0,198.10461538461539,0,69.76730141890336
CAT,2023-03-31,312.6560421088602,60,15,0,183.25625000000002,0,52.410626829135424
CAT,2023-06-30,316.5510257345064,60,15,0,185.6123076923077,0,60.688501018351715
CAT,2023-09-30,320.83593979421516,60,15,0,199.45454545454547,0,56.61521648717994
CAT,2023-12-31,335.19736852859654,60,15,0,204.23384615384617,0,54.67850735549998
CCL,2018-03-31,247.2432444650487,280,10,0,-24.546875,0,0.0
CCL,2018-06-30,296.18085450866806,280,10,0,-26.77272727272728,0,42.25758440942022
CCL,2018-09-30,298.3471292126875,280,10,0,-26.848484848484844,0,48.906582360112075
CCL,2018-12-31,338.8338542383358,280,10,0,3.5307692307692378,0,48.45680086329362
CCL,2019-03-31,395.9058675531262,280,10,0,12.015625,0,70.012285383483
CCL,2019-06-30,348.55393000680965,280,10,0,1.0923076923076849,0,53.94373440372622
CCL,2019-09-30,345.0227395328942,280,10,0,4.119402985074629,0,54.45675689748618
CCL,2019-12-31,324.85233672189634,280,10,0,-1.946153846153834,0,59.99713463134836
CCL,2020-03-31,422.25986431915004,280,10,0,57.21538461538461,0,112.55737766514302
CCL,2020-06-30,799.7029251570897,280,10,0,157.44615384615383,0,363.15006847417857
CCL,2020-09-30,561.111357923021,280,10,0,68.49242424242425,0,203.8236628189273
CCL,2020-12-31,533.2448157989979,280,10,0,27.431818181818187,0,176.2113675529904
CCL,2021-03-31,422.0090853375196,280,10,0,-19.207692307692298,0,148.2986283642193
CCL,2021-06-30,378.4681697759988,280,10,0,-37.125,0,103.5798047290823
CCL,2021-09-30,337.86014409938747,280,10,0,-39.82835820895522,0,98.87272371561971
CCL,2021-12-31,318.1144894583706,280,10,0,-39.28030303030303,0,93.93753285641499
CCL,2022-03-31,365.96484384136835,280,10,0,-22.046875,0,119.63033431537352
CCL,2022-06-30,424.47689679402527,280,10,0,17.36153846153846,0,133.36042217808773
CCL,2022-09-30,560.8233111515561,280,10,0,46.57462686567163,0,176.57096227933675
CCL,2022-12-31,492.3397924577321,280,10,0,37.446153846153834,0,183.29270022620452
CCL,2023-03-31,447.9933730880407,280,10,0,21.1953125,0,118.01590242434659
CCL,2023-06-30,395.6759503305061,280,10,0,25.85384615384615,0,100.04767296580941
CCL,2023-09-30,413.25995479411193,280,10,0,-4.53787878787881,0,106.93059809360766
CCL,2023-12-31,382.59588461747194,280,10,0,-1.0999999999999943,0,85.07298297670066
COP,2018-03-31,210.22938809124116,60,35,0,115.98125,0,0.0
COP,2018-06-30,282.12078545187734,60,35,0,131.96969696969697,0,55.34674860763048
COP,2018-09-30,279.9369559036456,60,35,0,134.61818181818182,0,53.46175502352486
COP,2018-12-31,303.4999548486247,60,35,0,146.91076923076923,0,59.4480390507415
COP,2019-03-31,295.17992930804945,60,35,0,135.50625,0,66.85760001368519
COP,2019-06-30,251.9862637775506,60,35,0,116.11692307692309,0,46.7522483667103
COP,2019-09-30,241.56458572614704,60,35,0,95.74925373134329,0,56.94943235153792
COP,2019-12-31,252.23564736577768,60,35,0,90.16615384615385,0,66.24107151455763
COP,2020-03-31,282.3146060757831,60,35,0,93.9323076923077,0,85.80266035270532
COP,2020-06-30,407.2832047818116,60,35,0,93.72923076923078,0,217.78601426742833
COP,2020-09-30,253.45481197926225,60,35,0,56.260606060606065,0,102.76366988398362
COP,2020-12-31,248.27838987681085,60,35,0,50.7030303030303,0,101.20339410368835
COP,2021-03-31,253.26100889493878,60,35,0,51.31692307692308,0,100.67527745782294
COP,2021-06-30,227.52479791905813,60,35,0,55.45,0,76.02176191251162
COP,2021-09-30,209.52816271005423,60,35,0,49.36119402985076,0,67.13941938820538
COP,2021-12-31,224.01403404575825,60,35,0,60.34545454545455,0,63.35839369201626
COP,2022-03-31,258.3251547607782,60,35,0,94.09375,0,67.17337385616246
COP,2022-06-30,332.1919686405261,60,35,0,146.47384615384615,0,83.34649372509918
COP,2022-09-30,362.67247873101724,60,35,0,166.56119402985075,0,100.23175940250132
COP,2022-12-31,372.6653211180692,60,35,0,198.10461538461539,0,85.43815708571219
COP,2023-03-31,343.4653477740373,60,35,0,183.25625000000002,0,71.77626193041644
COP,2023-06-30,358.8300957092148,60,35,0,185.6123076923077,0,70.29333394219708
COP,2023-09-30,350.3618337244494,60,35,0,199.45454545454547,0,47.63369281014412
COP,2023-12-31,349.3596843481591,60,35,0,204.23384615384617,0,50.98753041806942
CVX,2018-03-31,180.06160042927362,30,35,0,115.98125,0,0.0
CVX,2018-06-30,247.95955185312084,30,35,0,131.96969696969697,0,47.48238858204262
CVX,2018-09-30,236.94633218603977,30,35,0,134.61818181818182,0,39.9850600047623
CVX,2018-12-31,254.6667184517376,30,35,0,146.91076923076923,0,44.90329406646238
CVX,2019-03-31,254.07929275771474,30,35,0,135.50625,0,52.029058450461044
CVX,2019-06-30,218.32555620219821,30,35,0,116.11692307692309,0,38.155685420138155
CVX,2019-09-30,195.84347305486648,30,35,0,95.74925373134329,0,35.10651180365136
CVX,2019-12-31,194.19183152963504,30,35,0,90.16615384615385,0,39.41794063994
CVX,2020-03-31,225.32911219032718,30,35,0,93.9323076923077,0,65.58662558090205
CVX,2020-06-30,356.77012382195494,30,35,0,93.72923076923078,0,194.6629365855713
CVX,2020-09-30,202.97469629466235,30,35,0,56.260606060606065,0,81.49668645749209
CVX,2020-12-31,192.01043090780664,30,35,0,50.7030303030303,0,74.7619475009119
CVX,2021-03-31,184.5705328817232,30,35,0,51.31692307692308,0,73.17402284727457
CVX,2021-06-30,172.5022247831004,30,35,0,55.45,0,52.16914894773266
CVX,2021-09-30,161.75285719620507,30,35,0,49.36119402985076,0,49.4154158150572
CVX,2021-12-31,165.50099811363296,30,35,0,60.34545454545455,0,43.0806949131951
CVX,2022-03-31,204.1027035944734,30,35,0,94.09375,0,47.1165192751024
CVX,2022-06-30,277.31557140292625,30,35,0,146.47384615384615,0,66.64362150676205
CVX,2022-09-30,307.38102133808985,30,35,0,166.56119402985075,0,73.62166120658472
CVX,2022-12-31,326.8922830622272,30,35,0,198.10461538461539,0,66.97101020018674
CVX,2023-03-31,301.82907746493447,30,35,0,183.25625000000002,0,53.49931188270782
CVX,2023-06-30,297.9892362126232,30,35,0,185.6123076923077,0,48.53893516031608
CVX,2023-09-30,304.2810587270515,30,35,0,199.45454545454547,0,40.6129286989747
CVX,2023-12-31,318.63292102080777,30,35,0,204.23384615384617,0,46.99245608623054
DAL,2018-03-31,282.5069107888879,280,15,0,-24.546875,0,0.0
DAL,2018-06-30,353.0619157349884,280,15,0,-26.77272727272728,0,54.876925400998246
DAL,2018-09-30,309.0265028454491,280,15,0,-26.848484848484844,0,44.33591490913178
DAL,2018-12-31,337.5028438477066,280,15,0,3.5307692307692378,0,54.561189118361064
DAL,2019-03-31,371.57166742034127,280,15,0,12.015625,0,69.57047991846443
DAL,2019-06-30,347.4568661276101,280,15,0,1.0923076923076849,0,45.93263031082706
DAL,2019-09-30,345.86685617470044,280,15,0,4.119402985074629,0,42.792209960262625
DAL,2019-12-31,310.1509040913321,280,15,0,-1.946153846153834,0,41.38735075551334
DAL,2020-03-31,430.9174910101177,280,15,0,57.21538461538461,0,76.67513528626873
DAL,2020-06-30,695.3770306318097,280,15,0,157.44615384615383,0,237.81856219054438
DAL,2020-09-30,571.5004625369887,280,15,0,68.49242424242425,0,151.61661985380462
DAL,2020-12-31,469.9656378078032,280,15,0,27.431818181818187,0,105.49250033327556
DAL,2021-03-31,343.67556494025223,280,15,0,-19.207692307692298,0,86.9959083004621
DAL,2021-06-30,320.5186202731984,280,15,0,-37.125,0,69.08100757189996
DAL,2021-09-30,286.7649641741924,280,15,0,-39.82835820895522,0,64.37442322429652
DAL,2021-12-31,319.8249718065251,280,15,0,-39.28030303030303,0,77.33711194961026
DAL,2022-03-31,372.880846432908,280,15,0,-22.046875,0,92.85816935248437
DAL,2022-06-30,448.7742885357102,280,15,0,17.36153846153846,0,109.4016289662753
DAL,2022-09-30,420.74224687566317,280,15,0,46.57462686567163,0,95.4990979754484
DAL,2022-12-31,399.2583120069464,280,15,0,37.446153846153834,0,81.4650384183112
DAL,2023-03-31,334.13240254669864,280,15,0,21.1953125,0,66.0363643128445
DAL,2023-06-30,380.9042191399076,280,15,0,25.85384615384615,0,63.694089606267376
DAL,2023-09-30,322.0593872380663,280,15,0,-4.53787878787881,0,55.3953488515993
DAL,2023-12-31,338.19982070076964,280,15,0,-1.0999999999999943,0,56.15926387376972
DIS,2018-03-31,181.77231826479556,60,10,0,115.98125,0,0.0
DIS,2018-06-30,242.63255948357653,60,10,0,131.96969696969697,0,41.11532277429182
DIS,2018-09-30,227.91555578175172,60,10,0,134.61818181818182,0,31.73447024208172
DIS,2018-12-31,250.04283337832376,60,10,0,146.91076923076923,0,40.17388132543128
DIS,2019-03-31,261.55344338935026,60,10,0,135.50625,0,45.82680725161442
DIS,2019-06-30,230.83239528932208,60,10,0,116.11692307692309,0,50.89510060251434
DIS,2019-09-30,203.38313695861933,60,10,0,95.74925373134329,0,42.89845400385832
DIS,2019-12-31,212.78668352648748,60,10,0,90.16615384615385,0,43.80334474439132
DIS,2020-03-31,239.96046396726004,60,10,0,93.9323076923077,0,62.083833862598404
DIS,2020-06-30,297.00091873875033,60,10,0,93.72923076923078,0,138.8952077878812
DIS,2020-09-30,196.5490632501998,60,10,0,56.260606060606065,0,72.05605218217627
DIS,2020-12-31,189.22476893139415,60,10,0,50.7030303030303,0,66.88227198384939
DIS,2021-03-31,208.87274649970544,60,10,0,51.31692307692308,0,79.25807472963552
DIS,2021-06-30,169.78292272857317,60,10,0,55.45,0,49.06983670502868
DIS,2021-09-30,157.98763659343393,60,10,0,49.36119402985076,0,39.8037762241053
DIS,2021-12-31,183.8157718456025,60,10,0,60.34545454545455,0,49.73909693505162
DIS,2022-03-31,223.96050831496837,60,10,0,94.09375,0,57.7798811575286
DIS,2022-06-30,281.9499581386837,60,10,0,146.47384615384615,0,67.28166112674204
DIS,2022-09-30,304.5480044906817,60,10,0,166.56119402985075,0,68.62916069050794
DIS,2022-12-31,344.7846213376823,60,10,0,198.10461538461539,0,83.27950583324287
DIS,2023-03-31,326.71294075465147,60,10,0,183.25625000000002,0,74.59992472572986
DIS,2023-06-30,311.6422014783867,60,10,0,185.6123076923077,0,57.30855373812198
DIS,2023-09-30,322.08440076189316,60,10,0,199.45454545454547,0,51.51543983714162
DIS,2023-12-31,322.1695754323676,60,10,0,204.23384615384617,0,50.60129992885268
F,2018-03-31,276.0155879050111,280,10,0,-24.546875,0,0.0
F,2018-06-30,332.8329439155554,280,10,0,-26.77272727272728,0,46.92083686911846
F,2018-09-30,305.3945205002951,280,10,0,-26.848484848484844,0,38.7613884090063
F,2018-12-31,361.56961082110246,280,10,0,3.5307692307692378,0,60.15949804219104
F,2019-03-31,374.4460385297246,280,10,0,12.015625,0,71.23973374398038
F,2019-06-30,348.72051799942477,280,10,0,1.0923076923076849,0,57.62631990186941
F,2019-09-30,329.8328787837918,280,10,0,4.119402985074629,0,51.87637575007692
F,2019-12-31,346.0645515791913,280,10,0,-1.946153846153834,0,50.921233963863024
F,2020-03-31,411.6464410422853,280,10,0,57.21538461538461,0,66.61027623136285
F,2020-06-30,658.562073655247,280,10,0,157.44615384615383,0,164.2289496890478
F,2020-09-30,493.45985060146586,280,10,0,68.49242424242425,0,99.72427654359616
F,2020-12-31,395.9407578636124,280,10,0,27.431818181818187,0,69.86597690452861
F,2021-03-31,333.0051572232991,280,10,0,-19.207692307692298,0,79.30533102815414
F,2021-06-30,314.9801746507304,280,10,0,-37.125,0,87.02319162315898
F,2021-09-30,353.98339191287084,280,10,0,-39.82835820895522,0,77.13014797263554
F,2021-12-31,333.0330728684599,280,10,0,-39.28030303030303,0,76.42779325546704
F,2022-03-31,384.708641618677,280,10,0,-22.046875,0,106.00030438270491
F,2022-06-30,365.4542633587072,280,10,0,17.36153846153846,0,97.1714510053907
F,2022-09-30,455.3417110746681,280,10,0,46.57462686567163,0,97.99246222209328
F,2022-12-31,434.01797923668784,280,10,0,37.446153846153834,0,96.39280981453227
F,2023-03-31,367.63527331239516,280,10,0,21.1953125,0,81.31360814327944
F,2023-06-30,377.68663912052824,280,10,0,25.85384615384615,0,72.39494865356096
F,2023-09-30,353.13583654505436,280,10,0,-4.53787878787881,0,61.766449955347134
F,2023-12-31,357.12689120821,280,10,0,-1.0999999999999943,0,67.05163492503016
GM,2018-03-31,258.90849043800034,280,10,0,-24.546875,0,0.0
GM,2018-06-30,322.8476418528032,280,10,0,-26.77272727272728,0,61.93850633020794
GM,2018-09-30,318.095303021041,280,10,0,-26.848484848484844,0,60.588081141360085
GM,2018-12-31,360.2386652347529,280,10,0,3.5307692307692378,0,63.29049573288834
GM,2019-03-31,400.5700758179392,280,10,0,12.015625,0,65.59303062289248
GM,2019-06-30,276.71639182816597,280,10,0,1.0923076923076849,0,43.11723321271934
GM,2019-09-30,335.8185542288488,280,10,0,4.119402985074629,0,47.004597168791115
GM,2019-12-31,345.54215833834184,280,10,0,-1.946153846153834,0,53.53443394575288
GM,2020-03-31,424.55807895656216,280,10,0,57.21538461538461,0,70.71242897218649
GM,2020-06-30,623.4443318773347,280,10,0,157.44615384615383,0,184.32906465277773
GM,2020-09-30,420.1262165410516,280,10,0,68.49242424242425,0,100.98436022614763
GM,2020-12-31,407.9513395232277,280,10,0,27.431818181818187,0,83.17242250621348
GM,2021-03-31,395.09080995630546,280,10,0,-19.207692307692298,0,85.60585746672004
GM,2021-06-30,295.20347119739864,280,10,0,-37.125,0,76.68696666752017
GM,2021-09-30,337.37162109752796,280,10,0,-39.82835820895522,0,67.85023179964375
GM,2021-12-31,312.19156176686687,280,10,0,-39.28030303030303,0,68.83082979512271
GM,2022-03-31,354.0399159981883,280,10,0,-22.046875,0,87.46045634475445
GM,2022-06-30,373.89614546759566,280,10,0,17.36153846153846,0,90.11953364582568
GM,2022-09-30,423.91255709667,280,10,0,46.57462686567163,0,94.82974849177003
GM,2022-12-31,441.7530342989237,280,10,0,37.446153846153834,0,85.18588153151317
GM,2023-03-31,401.493790654951,280,10,0,21.1953125,0,77.24700073442634
GM,2023-06-30,426.7125104369961,280,10,0,25.85384615384615,0,72.05488432196722
GM,2023-09-30,367.0602499101707,280,10,0,-4.53787878787881,0,55.224102384949155
GM,2023-12-31,360.5694762198282,280,10,0,-1.0999999999999943,0,61.83393461180572
GOOGL,2018-03-31,123.07397143140135,15,-10,0,115.98125,0,0.0
GOOGL,2018-06-30,196.7586688778282,15,-10,0,131.96969696969697,0,59.26218011764526
GOOGL,2018-09-30,182.64760948403222,15,-10,0,134.61818181818182,0,42.035841853693924
GOOGL,2018-12-31,207.55979102476064,15,-10,0,146.91076923076923,0,56.004906938233056
GOOGL,2019-03-31,203.92127713794707,15,-10,0,135.50625,0,63.33517215891602
GOOGL,2019-06-30,167.93042526613945,15,-10,0,116.11692307692309,0,47.6504107771767
GOOGL,2019-09-30,158.7618391814513,15,-10,0,95.74925373134329,0,56.8250847285942
GOOGL,2019-12-31,134.07037784080157,15,-10,0,90.16615384615385,0,40.31818834238558
GOOGL,2020-03-31,150.76151578754786,15,-10,0,93.9323076923077,0,50.890387684338975
GOOGL,2020-06-30,209.90525327122003,15,-10,0,93.72923076923078,0,111.40480377099544
GOOGL,2020-09-30,120.19528580542787,15,-10,0,56.260606060606065,0,57.52918323266102
GOOGL,2020-12-31,118.02517239468455,15,-10,0,50.7030303030303,0,61.42109930517672
GOOGL,2021-03-31,117.1288491141728,15,-10,0,51.31692307692308,0,58.62715064807355
GOOGL,2021-06-30,114.1581661895215,15,-10,0,55.45,0,52.83123656015511
GOOGL,2021-09-30,88.0570110673069,15,-10,0,49.36119402985076,0,35.582265344240035
GOOGL,2021-12-31,110.41090060131182,15,-10,0,60.34545454545455,0,45.14578986333512
GOOGL,2022-03-31,156.64385460604151,15,-10,0,94.09375,0,58.95651323715529
GOOGL,2022-06-30,225.866845740198,15,-10,0,146.47384615384615,0,75.01493539719134
GOOGL,2022-09-30,254.45916447496387,15,-10,0,166.56119402985075,0,81.08449632518105
GOOGL,2022-12-31,283.0988749139998,15,-10,0,198.10461538461539,0,79.22921895630718
GOOGL,2023-03-31,266.99674510888354,15,-10,0,183.25625000000002,0,79.57921162317803
GOOGL,2023-06-30,253.66131841338483,15,-10,0,185.6123076923077,0,64.26547156080562
GOOGL,2023-09-30,257.4464624955179,15,-10,0,199.45454545454547,0,52.95257852952092
GOOGL,2023-12-31,264.2726369534045,15,-10,0,204.23384615384617,0,56.498662978815695
GS,2018-03-31,192.7597766684964,60,20,0,115.98125,0,0.0
GS,2018-06-30,264.1480757588933,60,20,0,131.96969696969697,0,50.68073332575036
GS,2018-09-30,253.20762793320557,60,20,0,134.61818181818182,0,33.0439483417116
GS,2018-12-31,280.5673682814343,60,20,0,146.91076923076923,0,50.734543983987756
GS,2019-03-31,273.23426021065586,60,20,0,135.50625,0,68.72619985192676
GS,2019-06-30,243.66378030386102,60,20,0,116.11692307692309,0,46.08589692759268
GS,2019-09-30,223.72018136261232,60,20,0,95.74925373134329,0,47.625166479752664
GS,2019-12-31,216.0940803273905,60,20,0,90.16615384615385,0,43.9412531114477
GS,2020-03-31,244.75900892884158,60,20,0,93.9323076923077,0,63.06889476460812
GS,2020-06-30,321.92931154930176,60,20,0,93.72923076923078,0,158.10362450873376
GS,2020-09-30,221.45772457715705,60,20,0,56.260606060606065,0,88.03441495746831
GS,2020-12-31,190.40208243104027,60,20,0,50.7030303030303,0,56.862701778601874
GS,2021-03-31,183.92366776940855,60,20,0,51.31692307692308,0,60.19839780986438
GS,2021-06-30,191.09132783096175,60,20,0,55.45,0,48.5567724003049
GS,2021-09-30,179.84530604115935,60,20,0,49.36119402985076,0,48.716000270345425
GS,2021-12-31,192.27475578573555,60,20,0,60.34545454545455,0,47.865698108232664
GS,2022-03-31,230.33889164864564,60,20,0,94.09375,0,58.98567122395026
GS,2022-06-30,289.08256055476346,60,20,0,146.47384615384615,0,58.70264868907948
GS,2022-09-30,314.28616386720853,60,20,0,166.56119402985075,0,62.5963063686104
GS,2022-12-31,337.74628995952276,60,20,0,198.10461538461539,0,58.52386007824894
GS,2023-03-31,315.7048185071102,60,20,0,183.25625000000002,0,51.3234442221564
GS,2023-06-30,316.6843549091544,60,20,0,185.6123076923077,0,49.774399668294436
GS,2023-09-30,318.72796059922666,60,20,0,199.45454545454547,0,43.41747241543018
GS,2023-12-31,328.38360075608534,60,20,0,204.23384615384617,0,44.85789226739284
HON,2018-03-31,190.24914184422866,60,15,0,115.98125,0,0.0
HON,2018-06-30,248.07884579410157,60,15,0,131.96969696969697,0,39.26885827550782
HON,2018-09-30,246.24427820494006,60,15,0,134.61818181818182,0,31.82694000158882
HON,2018-12-31,252.9737891555193,60,15,0,146.91076923076923,0,36.14399311824644
HON,2019-03-31,252.3639004082092,60,15,0,135.50625,0,42.45769375374318
HON,2019-06-30,227.5424933375461,60,15,0,116.11692307692309,0,29.314583631859943
HON,2019-09-30,204.80419627288,60,15,0,95.74925373134329,0,37.62416603983704
HON,2019-12-31,201.2139941601763,60,15,0,90.16615384615385,0,39.99464039701598
HON,2020-03-31,222.44328646158874,60,15,0,93.9323076923077,0,52.53990904849134
HON,2020-06-30,310.5368133944375,60,15,0,93.72923076923078,0,137.7545337108772
HON,2020-09-30,202.7237829895512,60,15,0,56.260606060606065,0,71.40833186225399
HON,2020-12-31,189.28114065607724,60,15,0,50.7030303030303,0,57.19909951894938
HON,2021-03-31,176.63200033770207,60,15,0,51.31692307692308,0,46.202466144459656
HON,2021-06-30,173.90343905328774,60,15,0,55.45,0,39.41270273221546
HON,2021-09-30,167.04421958826612,60,15,0,49.36119402985076,0,40.0232663520597
HON,2021-12-31,179.43657128587353,60,15,0,60.34545454545455,0,32.9183818587578
HON,2022-03-31,215.43977963736128,60,15,0,94.09375,0,47.33080574391828
HON,2022-06-30,263.7818557173427,60,15,0,146.47384615384615,0,51.9249165654158
HON,2022-09-30,297.1208227536713,60,15,0,166.56119402985075,0,47.859207788538264
HON,2022-12-31,322.6079271809172,60,15,0,198.10461538461539,0,51.70026906489462
HON,2023-03-31,301.9248416487418,60,15,0,183.25625000000002,0,43.1507655158952
HON,2023-06-30,304.184596338638,60,15,0,185.6123076923077,0,37.28644535899982
HON,2023-09-30,303.40725862068643,60,15,0,199.45454545454547,0,36.643558963223796
HON,2023-12-31,307.186200608034,60,15,0,204.23384615384617,0,33.96026108189732
IBM,2018-03-31,158.2951159018295,60,-10,0,115.98125,0,0.0
IBM,2018-06-30,229.3429458748678,60,-10,0,131.96969696969697,0,51.18510309729288
IBM,2018-09-30,218.78351962497297,60,-10,0,134.61818181818182,0,32.05508209790958
IBM,2018-12-31,251.48265070870994,60,-10,0,146.91076923076923,0,52.05577983243942
IBM,2019-03-31,245.64148724758599,60,-10,0,135.50625,0,58.80912118680895
IBM,2019-06-30,195.2169828561019,60,-10,0,116.11692307692309,0,35.88133602186218
IBM,2019-09-30,177.1363117867478,60,-10,0,95.74925373134329,0,42.4755545512412
IBM,2019-12-31,183.09120977220405,60,-10,0,90.16615384615385,0,42.664158716176345
IBM,2020-03-31,196.94075016760382,60,-10,0,93.9323076923077,0,55.272967436760155
IBM,2020-06-30,269.1196684447358,60,-10,0,93.72923076923078,0,123.18538597126525
IBM,2020-09-30,170.52457528737898,60,-10,0,56.260606060606065,0,60.89459182091082
IBM,2020-12-31,157.838505149822,60,-10,0,50.7030303030303,0,56.471915972910026
IBM,2021-03-31,163.789262099632,60,-10,0,51.31692307692308,0,58.82370021290482
IBM,2021-06-30,152.65559997794696,60,-10,0,55.45,0,46.10538538219462
IBM,2021-09-30,137.23110935437933,60,-10,0,49.36119402985076,0,35.32560473764154
IBM,2021-12-31,153.15697024828447,60,-10,0,60.34545454545455,0,46.19394736460536
IBM,2022-03-31,186.05103871535326,60,-10,0,94.09375,0,42.81942350174426
IBM,2022-06-30,246.38884412567654,60,-10,0,146.47384615384615,0,48.97047270787698
IBM,2022-09-30,267.9092411808415,60,-10,0,166.56119402985075,0,47.40951046898716
IBM,2022-12-31,294.53737757353565,60,-10,0,198.10461538461539,0,48.3227198155982
IBM,2023-03-31,277.04490952600145,60,-10,0,183.25625000000002,0,41.28705669848728
IBM,2023-06-30,266.67231182274554,60,-10,0,185.6123076923077,0,32.33603033163168
IBM,2023-09-30,277.71247263176815,60,-10,0,199.45454545454547,0,28.822129580397736
IBM,2023-12-31,289.618592689463,60,-10,0,204.23384615384617,0,31.40305513390132
INTC,2018-03-31,156.41456021894004,60,-10,0,115.98125,0,0.0
INTC,2018-06-30,248.26115765682022,60,-10,0,131.96969696969697,0,72.51452786188212
INTC,2018-09-30,231.13068866953537,60,-10,0,134.61818181818182,0,53.62699675907906
INTC,2018-12-31,249.2286840775633,60,-10,0,146.91076923076923,0,63.519272222065936
INTC,2019-03-31,254.28087553526368,60,-10,0,135.50625,0,72.03029484800854
INTC,2019-06-30,226.16734426080097,60,-10,0,116.11692307692309,0,56.453138465184736
INTC,2019-09-30,198.91802603097182,60,-10,0,95.74925373134329,0,54.53621581826488
INTC,2019-12-31,192.63853892803766,60,-10,0,90.16615384615385,0,51.522992688562915
INTC,2020-03-31,225.08447218859794,60,-10,0,93.9323076923077,0,75.92392051207845
INTC,2020-06-30,307.3745758078999,60,-10,0,93.72923076923078,0,157.27245160378416
INTC,2020-09-30,188.88311037953875,60,-10,0,56.260606060606065,0,82.95436640561816
INTC,2020-12-31,177.5201271172787,60,-10,0,50.7030303030303,0,70.3198845443153
INTC,2021-03-31,185.9575777382052,60,-10,0,51.31692307692308,0,84.1984467007984
INTC,2021-06-30,170.41612366021874,60,-10,0,55.45,0,68.98563513459057
INTC,2021-09-30,139.58672143477844,60,-10,0,49.36119402985076,0,43.078649095481616
INTC,2021-12-31,160.3438502946446,60,-10,0,60.34545454545455,0,57.10497100950214
INTC,2022-03-31,203.03327589154276,60,-10,0,94.09375,0,63.2025683894643
INTC,2022-06-30,270.7182547777375,60,-10,0,146.47384615384615,0,75.9628887266486
INTC,2022-09-30,294.37548279107887,60,-10,0,166.56119402985075,0,73.95708066821082
INTC,2022-12-31,340.5250039780149,60,-10,0,198.10461538461539,0,84.16069340380285
INTC,2023-03-31,303.46326437962233,60,-10,0,183.25625000000002,0,76.84148565343204
INTC,2023-06-30,315.532469652614,60,-10,0,185.6123076923077,0,78.03459011265868
INTC,2023-09-30,325.46082919543204,60,-10,0,199.45454545454547,0,81.00089464884273
INTC,2023-12-31,328.08490601226333,60,-10,0,204.23384615384617,0,71.57251383379376
JNJ,2018-03-31,125.82394601917473,15,-5,0,115.98125,0,0.0
JNJ,2018-06-30,183.26119548942825,15,-5,0,131.96969696969697,0,43.48858551074834
JNJ,2018-09-30,176.18423325686243,15,-5,0,134.61818181818182,0,30.452095048798423
JNJ,2018-12-31,190.57427740882005,15,-5,0,146.91076923076923,0,34.3895090334213
JNJ,2019-03-31,199.2221678091561,15,-5,0,135.50625,0,54.356598095204355
JNJ,2019-06-30,149.77908770473732,15,-5,0,116.11692307692309,0,24.945867521361862
JNJ,2019-09-30,140.0149870711285,15,-5,0,95.74925373134329,0,35.05087327181028
JNJ,2019-12-31,140.49170274034762,15,-5,0,90.16615384615385,0,39.81208036535986
JNJ,2020-03-31,145.1860347250676,15,-5,0,93.9323076923077,0,41.480820241883585
JNJ,2020-06-30,201.6641504230574,15,-5,0,93.72923076923078,0,97.54052525108764
JNJ,2020-09-30,101.4782106963651,15,-5,0,56.260606060606065,0,34.78329841104442
JNJ,2020-12-31,97.95320038746667,15,-5,0,50.7030303030303,0,35.66537609780256
JNJ,2021-03-31,96.84081215938,15,-5,0,51.31692307692308,0,35.93523246349416
JNJ,2021-06-30,93.71582743439306,15,-5,0,55.45,0,30.038056814607938
JNJ,2021-09-30,84.97833300096252,15,-5,0,49.36119402985076,0,24.33647207122538
JNJ,2021-12-31,96.28535951164427,15,-5,0,60.34545454545455,0,26.33769077270644
JNJ,2022-03-31,139.00343751820083,15,-5,0,94.09375,0,33.57217658470796
JNJ,2022-06-30,195.68840567057535,15,-5,0,146.47384615384615,0,38.75450698091022
JNJ,2022-09-30,211.56871713747023,15,-5,0,166.56119402985075,0,35.16488814386348
JNJ,2022-12-31,242.04367801026922,15,-5,0,198.10461538461539,0,33.520531552798275
JNJ,2023-03-31,225.79982075933782,15,-5,0,183.25625000000002,0,30.202355687186238
JNJ,2023-06-30,231.37618328473172,15,-5,0,185.6123076923077,0,33.27149895755952
JNJ,2023-09-30,244.91928972880706,15,-5,0,199.45454545454547,0,35.38148691210224
JNJ,2023-12-31,245.8556346417659,15,-5,0,204.23384615384617,0,31.429559775939257
JPM,2018-03-31,168.5642263779193,30,20,0,115.98125,0,0.0
JPM,2018-06-30,229.26509313254377,30,20,0,131.96969696969697,0,49.32498264148846
JPM,2018-09-30,223.10675252770108,30,20,0,134.61818181818182,0,37.68920181523544
JPM,2018-12-31,235.72530194185615,30,20,0,146.91076923076923,0,38.876603546176156
JPM,2019-03-31,231.1298486241493,30,20,0,135.50625,0,44.87021891665116
JPM,2019-06-30,202.9155194109964,30,20,0,116.11692307692309,0,38.798681468351894
JPM,2019-09-30,181.11574899302957,30,20,0,95.74925373134329,0,39.1814572456278
JPM,2019-12-31,174.43708138139837,30,20,0,90.16615384615385,0,39.2460877816236
JPM,2020-03-31,201.7663774542331,30,20,0,93.9323076923077,0,60.515791633100456
JPM,2020-06-30,307.531972858484,30,20,0,93.72923076923078,0,164.90356277310764
JPM,2020-09-30,188.44644150661208,30,20,0,56.260606060606065,0,82.88949525396305
JPM,2020-12-31,171.76583150206756,30,20,0,50.7030303030303,0,66.4134464092064
JPM,2021-03-31,164.2580597824172,30,20,0,51.31692307692308,0,60.28675261771662
JPM,2021-06-30,145.27325902903667,30,20,0,55.45,0,42.13227770825658
JPM,2021-09-30,141.90652714440384,30,20,0,49.36119402985076,0,41.71083282867078
JPM,2021-12-31,150.907976855603,30,20,0,60.34545454545455,0,41.53951007738926
JPM,2022-03-31,197.33496185639294,30,20,0,94.09375,0,53.92368506768916
JPM,2022-06-30,259.03517576953874,30,20,0,146.47384615384615,0,62.1165480570957
JPM,2022-09-30,275.9252308739375,30,20,0,166.56119402985075,0,57.87802616334582
JPM,2022-12-31,308.93915698126955,30,20,0,198.10461538461539,0,61.648761957975786
JPM,2023-03-31,279.6170029965472,30,20,0,183.25625000000002,0,43.80750931798476
JPM,2023-06-30,289.58898986758294,30,20,0,185.6123076923077,0,56.71733391801702
JPM,2023-09-30,285.1453679204072,30,20,0,199.45454545454547,0,35.67560871619228
JPM,2023-12-31,291.3827482874519,30,20,0,204.23384615384617,0,30.914485189775696
KO,2018-03-31,187.0520327646013,60,10,0,115.98125,0,0.0
KO,2018-06-30,240.01778159998037,60,10,0,131.96969696969697,0,31.168654998573757
KO,2018-09-30,228.11286153877845,60,10,0,134.61818181818182,0,23.05538286536524
KO,2018-12-31,247.48207621777829,60,10,0,146.91076923076923,0,27.78357692942602
KO,2019-03-31,247.52771926546396,60,10,0,135.50625,0,42.2940285985489
KO,2019-06-30,219.80488323180302,60,10,0,116.11692307692309,0,34.5059165444681
KO,2019-09-30,196.09807085383463,60,10,0,95.74925373134329,0,34.09033262677334
KO,2019-12-31,192.7761293224593,60,10,0,90.16615384615385,0,30.544528953309158
KO,2020-03-31,200.92116241629085,60,10,0,93.9323076923077,0,41.07623323207486
KO,2020-06-30,274.4973801707607,60,10,0,93.72923076923078,0,107.57334026722549
KO,2020-09-30,184.03887790476105,60,10,0,56.260606060606065,0,52.56889422281462
KO,2020-12-31,167.02106418995533,60,10,0,50.7030303030303,0,44.5586831321863
KO,2021-03-31,162.5499181890928,60,10,0,51.31692307692308,0,42.606989033237056
KO,2021-06-30,155.56200589209482,60,10,0,55.45,0,27.932971111413078
KO,2021-09-30,141.23241812733528,60,10,0,49.36119402985076,0,23.35285476410728
KO,2021-12-31,161.8219930866358,60,10,0,60.34545454545455,0,26.98591233894858
KO,2022-03-31,190.20317579255155,60,10,0,94.09375,0,34.90017499678412
KO,2022-06-30,258.4434543589587,60,10,0,146.47384615384615,0,43.58052357208208
KO,2022-09-30,268.4343004460095,60,10,0,166.56119402985075,0,41.42900399275396
KO,2022-12-31,299.06700189877307,60,10,0,198.10461538461539,0,38.1386784992483
KO,2023-03-31,291.9329584850829,60,10,0,183.25625000000002,0,32.1301697819761
KO,2023-06-30,282.2210697893855,60,10,0,185.6123076923077,0,22.31187418361374
KO,2023-09-30,289.1629618478427,60,10,0,199.45454545454547,0,23.1619215130642
KO,2023-12-31,299.7651212003845,60,10,0,204.23384615384617,0,32.74329163553462
M,2018-03-31,405.01385613496734,550,10,0,-24.546875,0,0.0
M,2018-06-30,585.3747091495147,550,10,0,-26.77272727272728,0,76.0612387712779
M,2018-09-30,726.5455997301053,550,10,0,-26.848484848484844,0,86.8958240397045
M,2018-12-31,669.1200700593619,550,10,0,3.5307692307692378,0,86.4543928841921
M,2019-03-31,653.750187554556,550,10,0,12.015625,0,106.35574314073344
M,2019-06-30,642.391550340463,550,10,0,1.0923076923076849,0,60.83571343014188
M,2019-09-30,570.7196741278734,550,10,0,4.119402985074629,0,75.28243867455421
M,2019-12-31,637.5018282781162,550,10,0,-1.946153846153834,0,92.53021008296604
M,2020-03-31,726.6508853955246,550,10,0,57.21538461538461,0,105.05849196744748
M,2020-06-30,962.9524517168122,550,10,0,157.44615384615383,0,249.29472655078456
M,2020-09-30,842.4467633909019,550,10,0,68.49242424242425,0,179.1588697941141
M,2020-12-31,731.6081329560077,550,10,0,27.431818181818187,0,129.01192481980326
M,2021-03-31,731.4995718306534,550,10,0,-19.207692307692298,0,161.30091934159373
M,2021-06-30,624.955526513341,550,10,0,-37.125,0,132.3689069314945
M,2021-09-30,671.3703188501169,550,10,0,-39.82835820895522,0,111.69479908900809
M,2021-12-31,726.6856691729504,550,10,0,-39.28030303030303,0,134.29274650779783
M,2022-03-31,635.4692233623284,550,10,0,-22.046875,0,140.20267722699057
M,2022-06-30,680.9466676968642,550,10,0,17.36153846153846,0,142.64373808676652
M,2022-09-30,802.0503660282318,550,10,0,46.57462686567163,0,136.70122836446984
M,2022-12-31,696.4287201631454,550,10,0,37.446153846153834,0,107.40170173157419
M,2023-03-31,742.9089450857965,550,10,0,21.1953125,0,99.94549133486804
M,2023-06-30,660.3315676451222,550,10,0,25.85384615384615,0,93.94929281453214
M,2023-09-30,708.4897930295588,550,10,0,-4.53787878787881,0,89.00566646152625
M,2023-12-31,660.4238822889771,550,10,0,-1.0999999999999943,0,95.73850634953726
MCD,2018-03-31,248.46024670389787,120,10,0,115.98125,0,0.0
MCD,2018-06-30,323.19603224271873,120,10,0,131.96969696969697,0,46.20504226499066
MCD,2018-09-30,297.61000953753575,120,10,0,134.61818181818182,0,36.46482430281798
MCD,2018-12-31,306.67647255461685,120,10,0,146.91076923076923,0,38.800475444727226
MCD,2019-03-31,297.96221162954794,120,10,0,135.50625,0,36.76217802662012
MCD,2019-06-30,275.1082978419694,120,10,0,116.11692307692309,0,24.64896883887218
MCD,2019-09-30,238.2526728103897,120,10,0,95.74925373134329,0,27.53470617197934
MCD,2019-12-31,264.180239281419,120,10,0,90.16615384615385,0,37.894364769814395
MCD,2020-03-31,268.5841163929804,120,10,0,93.9323076923077,0,49.82401334980298
MCD,2020-06-30,369.36879536998947,120,10,0,93.72923076923078,0,134.62056305771645
MCD,2020-09-30,208.54025624243803,120,10,0,56.260606060606065,0,45.264549108876516
MCD,2020-12-31,205.96068507222398,120,10,0,50.7030303030303,0,32.80868621019372
MCD,2021-03-31,201.12109031785513,120,10,0,51.31692307692308,0,35.99426149277944
MCD,2021-06-30,208.84356469850408,120,10,0,55.45,0,31.32536757559804
MCD,2021-09-30,209.08282782110842,120,10,0,49.36119402985076,0,27.344041140611804
MCD,2021-12-31,217.20548460642163,120,10,0,60.34545454545455,0,28.580605665284743
MCD,2022-03-31,254.77863376063704,120,10,0,94.09375,0,33.11730842253798
MCD,2022-06-30,319.7543064793219,120,10,0,146.47384615384615,0,44.808635090724344
MCD,2022-09-30,337.69069782789285,120,10,0,166.56119402985075,0,39.17697668809062
MCD,2022-12-31,358.3723221548765,120,10,0,198.10461538461539,0,39.94965277291494
MCD,2023-03-31,353.80851937812594,120,10,0,183.25625000000002,0,33.766512825495
MCD,2023-06-30,346.969276066116,120,10,0,185.6123076923077,0,24.995375058107662
MCD,2023-09-30,356.5530280946666,120,10,0,199.45454545454547,0,23.40211843862256
MCD,2023-12-31,369.6075172793325,120,10,0,204.23384615384617,0,30.03095007507422
MRK,2018-03-31,172.40405640388155,60,-5,0,115.98125,0,0.0
MRK,2018-06-30,241.10496132299338,60,-5,0,131.96969696969697,0,44.3669125001873
MRK,2018-09-30,219.50379899495047,60,-5,0,134.61818181818182,0,30.303669197820682
MRK,2018-12-31,234.59153847348455,60,-5,0,146.91076923076923,0,34.15476869072128
MRK,2019-03-31,229.77423957660324,60,-5,0,135.50625,0,42.88492196231864
MRK,2019-06-30,200.1755153171327,60,-5,0,116.11692307692309,0,34.01345305898324
MRK,2019-09-30,184.08953497314164,60,-5,0,95.74925373134329,0,39.31374582228352
MRK,2019-12-31,181.35822403859225,60,-5,0,90.16615384615385,0,40.45829729594682
MRK,2020-03-31,194.14055201228547,60,-5,0,93.9323076923077,0,45.5475101519077
MRK,2020-06-30,249.25452820652407,60,-5,0,93.72923076923078,0,98.92068082050426
MRK,2020-09-30,159.81199368992844,60,-5,0,56.260606060606065,0,48.305905748272
MRK,2020-12-31,140.33528209239049,60,-5,0,50.7030303030303,0,38.3068211210228
MRK,2021-03-31,148.02933987883281,60,-5,0,51.31692307692308,0,37.39153089461392
MRK,2021-06-30,150.64186431115326,60,-5,0,55.45,0,36.642683484108716
MRK,2021-09-30,134.59310990449586,60,-5,0,49.36119402985076,0,30.99822775027078
MRK,2021-12-31,174.00592892239374,60,-5,0,60.34545454545455,0,61.79447187132981
MRK,2022-03-31,201.29954397585522,60,-5,0,94.09375,0,49.57333995587218
MRK,2022-06-30,240.59969291770463,60,-5,0,146.47384615384615,0,38.22357354392516
MRK,2022-09-30,256.74188978541184,60,-5,0,166.56119402985075,0,42.13170660075332
MRK,2022-12-31,293.54027026603296,60,-5,0,198.10461538461539,0,40.76196011014272
MRK,2023-03-31,280.37728211336326,60,-5,0,183.25625000000002,0,40.863260215406235
MRK,2023-06-30,277.11189266660415,60,-5,0,185.6123076923077,0,40.8181199494377
MRK,2023-09-30,292.6556302043921,60,-5,0,199.45454545454547,0,37.28983646422692
MRK,2023-12-31,285.6318378694673,60,-5,0,204.23384615384617,0,33.38113964485846
MS,2018-03-31,202.3949432800584,60,20,0,115.98125,0,0.0
MS,2018-06-30,277.2891630829075,60,20,0,131.96969696969697,0,59.32930618492526
MS,2018-09-30,256.4516968457259,60,20,0,134.61818181818182,0,43.04559823219828
MS,2018-12-31,280.5540498046897,60,20,0,146.91076923076923,0,51.89869975229294
MS,2019-03-31,266.6197430272569,60,20,0,135.50625,0,62.6811184630963
MS,2019-06-30,238.76123903475212,60,20,0,116.11692307692309,0,48.19478472710266
MS,2019-09-30,221.63743548038804,60,20,0,95.74925373134329,0,47.29832056577496
MS,2019-12-31,210.67138917007804,60,20,0,90.16615384615385,0,45.651473826773085
MS,2020-03-31,249.49179580469558,60,20,0,93.9323076923077,0,72.13038499576072
MS,2020-06-30,359.40962444199147,60,20,0,93.72923076923078,0,176.0933703251703
MS,2020-09-30,213.60274497961885,60,20,0,56.260606060606065,0,82.98988957227346
MS,2020-12-31,190.23932213772108,60,20,0,50.7030303030303,0,63.55611617429972
MS,2021-03-31,197.03882367700817,60,20,0,51.31692307692308,0,64.5917484321974
MS,2021-06-30,195.2389324540772,60,20,0,55.45,0,52.05557494127903
MS,2021-09-30,173.7481483790989,60,20,0,49.36119402985076,0,50.25435104943966
MS,2021-12-31,190.72463443877461,60,20,0,60.34545454545455,0,49.18380650624676
MS,2022-03-31,246.1941386998598,60,20,0,94.09375,0,63.358154215956844
MS,2022-06-30,288.6144950503276,60,20,0,146.47384615384615,0,70.06909280774194
MS,2022-09-30,301.1782640798704,60,20,0,166.56119402985075,0,60.766202242879665
MS,2022-12-31,338.9026785574091,60,20,0,198.10461538461539,0,62.831374883805736
MS,2023-03-31,313.17943940812694,60,20,0,183.25625000000002,0,52.422013789832874
MS,2023-06-30,323.31634353288445,60,20,0,185.6123076923077,0,53.80354965935924
MS,2023-09-30,325.4984286474605,60,20,0,199.45454545454547,0,44.883916537775
MS,2023-12-31,327.97681797019663,60,20,0,204.23384615384617,0,52.262789702632716
MSFT,2018-03-31,121.59974248348098,15,-10,0,115.98125,0,0.0
MSFT,2018-06-30,195.74320537436827,15,-10,0,131.96969696969697,0,59.466555069498085
MSFT,2018-09-30,175.40267160291464,15,-10,0,134.61818181818182,0,34.25515312440334
MSFT,2018-12-31,207.97337992614223,15,-10,0,146.91076923076923,0,56.81571573909731
MSFT,2019-03-31,207.35591980313524,15,-10,0,135.50625,0,67.61360814285791
MSFT,2019-06-30,160.07889625017663,15,-10,0,116.11692307692309,0,38.3126152402881
MSFT,2019-09-30,144.39004919293765,15,-10,0,95.74925373134329,0,42.725283682790035
MSFT,2019-12-31,132.86422153064075,15,-10,0,90.16615384615385,0,37.16034844776346
MSFT,2020-03-31,154.5425731356748,15,-10,0,93.9323076923077,0,57.632982224228854
MSFT,2020-06-30,229.29106179763085,15,-10,0,93.72923076923078,0,129.91618970048617
MSFT,2020-09-30,122.13039878685206,15,-10,0,56.260606060606065,0,62.110962388255274
MSFT,2020-12-31,120.96132700934945,15,-10,0,50.7030303030303,0,64.97596537241323
MSFT,2021-03-31,102.6775556546874,15,-10,0,51.31692307692308,0,48.069113900243195
MSFT,2021-06-30,106.44314397177486,15,-10,0,55.45,0,45.45755739472318
MSFT,2021-09-30,84.5813025438639,15,-10,0,49.36119402985076,0,31.188027199182
MSFT,2021-12-31,103.91594887565846,15,-10,0,60.34545454545455,0,40.10965591051654
MSFT,2022-03-31,156.97515891351003,15,-10,0,94.09375,0,57.02482474973116
MSFT,2022-06-30,223.57644812436664,15,-10,0,146.47384615384615,0,71.8126285445084
MSFT,2022-09-30,238.2658245257483,15,-10,0,166.56119402985075,0,67.441402657569
MSFT,2022-12-31,279.63062770781204,15,-10,0,198.10461538461539,0,74.78459770437138
MSFT,2023-03-31,255.923176206576,15,-10,0,183.25625000000002,0,68.19570911245964
MSFT,2023-06-30,245.81225746403697,15,-10,0,185.6123076923077,0,55.16142056296416
MSFT,2023-09-30,253.41330966255612,15,-10,0,199.45454545454547,0,48.63606807079634
MSFT,2023-12-31,251.62263623482283,15,-10,0,204.23384615384617,0,43.132389201931
ORCL,2018-03-31,230.5041584166393,120,-10,0,115.98125,0,0.0
ORCL,2018-06-30,295.11598626439235,120,-10,0,131.96969696969697,0,58.2674318274767
ORCL,2018-09-30,285.8954724435548,120,-10,0,134.61818181818182,0,45.2290185186486
ORCL,2018-12-31,310.8736531179228,120,-10,0,146.91076923076923,0,40.88151454504152
ORCL,2019-03-31,286.8734093066888,120,-10,0,135.50625,0,51.35678541080818
ORCL,2019-06-30,234.82666593852196,120,-10,0,116.11692307692309,0,31.87243403852196
ORCL,2019-09-30,269.256060340782,120,-10,0,95.74925373134329,0,48.04181145732458
ORCL,2019-12-31,266.29490053084726,120,-10,0,90.16615384615385,0,41.655198339666164
ORCL,2020-03-31,254.9599002020778,120,-10,0,93.9323076923077,0,54.9181774580837
ORCL,2020-06-30,312.23659117139914,120,-10,0,93.72923076923078,0,127.10100559212216
ORCL,2020-09-30,213.82578739401043,120,-10,0,56.260606060606065,0,50.545827504885445
ORCL,2020-12-31,200.37401030325796,120,-10,0,50.7030303030303,0,42.4187203186981
ORCL,2021-03-31,200.99988279751756,120,-10,0,51.31692307692308,0,41.506228594408164
ORCL,2021-06-30,209.46068438297084,120,-10,0,55.45,0,54.69920958542058
ORCL,2021-09-30,211.42838708871372,120,-10,0,49.36119402985076,0,46.50340609108878
ORCL,2021-12-31,223.99912215889913,120,-10,0,60.34545454545455,0,48.61839681069816
ORCL,2022-03-31,264.60933423552956,120,-10,0,94.09375,0,74.8618781857949
ORCL,2022-06-30,325.77111253097206,120,-10,0,146.47384615384615,0,62.58497775285502
ORCL,2022-09-30,362.6574549038451,120,-10,0,166.56119402985075,0,66.3904850473138
ORCL,2022-12-31,370.59270136331975,120,-10,0,198.10461538461539,0,60.837266787308565
ORCL,2023-03-31,334.9928390614915,120,-10,0,183.25625000000002,0,44.97491061734918
ORCL,2023-06-30,337.84448598821183,120,-10,0,185.6123076923077,0,43.59540915421632
ORCL,2023-09-30,374.9029396620973,120,-10,0,199.45454545454547,0,59.54192924465358
ORCL,2023-12-31,372.6469464730657,120,-10,0,204.23384615384617,0,75.02754773208889
OXY,2018-03-31,272.5594007485821,120,35,0,115.98125,0,0.0
OXY,2018-06-30,331.36870909279526,120,35,0,131.96969696969697,0,48.14746603794122
OXY,2018-09-30,346.46833778689506,120,35,0,134.61818181818182,0,39.11103584433524
OXY,2018-12-31,354.0255141131621,120,35,0,146.91076923076923,0,53.78680312692048
OXY,2019-03-31,367.1586532507788,120,35,0,135.50625,0,60.640682184031405
OXY,2019-06-30,311.8025380551714,120,35,0,116.11692307692309,0,51.28152567695562
OXY,2019-09-30,317.5232085807767,120,35,0,95.74925373134329,0,61.13626684812664
OXY,2019-12-31,317.5587548326255,120,35,0,90.16615384615385,0,69.3263584540758
OXY,2020-03-31,380.2073184692534,120,35,0,93.9323076923077,0,139.61786435644763
OXY,2020-06-30,594.0449090684695,120,35,0,93.72923076923078,0,343.612675598724
OXY,2020-09-30,412.78033190840506,120,35,0,56.260606060606065,0,189.8795450142156
OXY,2020-12-31,346.62201757239194,120,35,0,50.7030303030303,0,144.02738763051306
OXY,2021-03-31,349.9732293917819,120,35,0,51.31692307692308,0,159.89914774688856
OXY,2021-06-30,330.0871456035327,120,35,0,55.45,0,119.80574873771614
OXY,2021-09-30,306.7516884855792,120,35,0,49.36119402985076,0,111.05375616573656
OXY,2021-12-31,312.8803354150415,120,35,0,60.34545454545455,0,100.82135388076017
OXY,2022-03-31,357.92221780827737,120,35,0,94.09375,0,109.6117103972545
OXY,2022-06-30,413.1244366224899,120,35,0,146.47384615384615,0,128.02485174239274
OXY,2022-09-30,412.9737833312484,120,35,0,166.56119402985075,0,106.92290935887618
OXY,2022-12-31,451.26134268885494,120,35,0,198.10461538461539,0,93.52888568319452
OXY,2023-03-31,405.32385979694055,120,35,0,183.25625000000002,0,72.08570928016943
OXY,2023-06-30,377.3758378390173,120,35,0,185.6123076923077,0,61.38507582818704
OXY,2023-09-30,407.3448068885627,120,35,0,199.45454545454547,0,45.35575868257912
OXY,2023-12-31,418.5540568333155,120,35,0,204.23384615384617,0,56.70546102883664
PFE,2018-03-31,167.55465084462486,60,-5,0,115.98125,0,0.0
PFE,2018-06-30,219.32689548536052,60,-5,0,131.96969696969697,0,38.6779835287431
PFE,2018-09-30,218.13026832389994,60,-5,0,134.61818181818182,0,24.50020860340932
PFE,2018-12-31,242.85385520543588,60,-5,0,146.91076923076923,0,39.266202986376584
PFE,2019-03-31,251.18372450027323,60,-5,0,135.50625,0,49.240983543389696
PFE,2019-06-30,208.0495137097837,60,-5,0,116.11692307692309,0,34.9156853589809
PFE,2019-09-30,193.15972518660863,60,-5,0,95.74925373134329,0,40.549496377207674
PFE,2019-12-31,181.58482295015773,60,-5,0,90.16615384615385,0,37.219923168524986
PFE,2020-03-31,200.449882687499,60,-5,0,93.9323076923077,0,47.59705083262752
PFE,2020-06-30,250.45806460306943,60,-5,0,93.72923076923078,0,98.72842486784752
PFE,2020-09-30,175.2307007403131,60,-5,0,56.260606060606065,0,57.9618146385941
PFE,2020-12-31,154.91936914899026,60,-5,0,50.7030303030303,0,51.71868885541894
PFE,2021-03-31,153.9471638349786,60,-5,0,51.31692307692308,0,49.72019662818652
PFE,2021-06-30,140.11724394746878,60,-5,0,55.45,0,31.96693916784628
PFE,2021-09-30,149.8785868350112,60,-5,0,49.36119402985076,0,41.72154454350126
PFE,2021-12-31,183.10720313113623,60,-5,0,60.34545454545455,0,60.569551272257385
PFE,2022-03-31,220.27459789814603,60,-5,0,94.09375,0,73.38328226526268
PFE,2022-06-30,256.95766480471127,60,-5,0,146.47384615384615,0,57.52273254427196
PFE,2022-09-30,276.2391753760031,60,-5,0,166.56119402985075,0,53.170410671577315
PFE,2022-12-31,301.0588850537763,60,-5,0,198.10461538461539,0,49.13392486922284
PFE,2023-03-31,291.068769290386,60,-5,0,183.25625000000002,0,48.24266175531448
PFE,2023-06-30,265.8799905770385,60,-5,0,185.6123076923077,0,36.076213879702216
PFE,2023-09-30,291.90790905003854,60,-5,0,199.45454545454547,0,41.42154782069414
PFE,2023-12-31,303.53190852782325,60,-5,0,204.23384615384617,0,48.053660776992004
PG,2018-03-31,150.41239557027325,30,10,0,115.98125,0,0.0
PG,2018-06-30,204.13061678089898,30,10,0,131.96969696969697,0,34.47365207768714
PG,2018-09-30,200.96695161767707,30,10,0,134.61818181818182,0,28.54514447752548
PG,2018-12-31,228.27999023892534,30,10,0,146.91076923076923,0,41.85187217900132
PG,2019-03-31,222.45158416269055,30,10,0,135.50625,0,44.27421602270594
PG,2019-06-30,183.58995430886267,30,10,0,116.11692307692309,0,28.06117679479726
PG,2019-09-30,168.6957499980752,30,10,0,95.74925373134329,0,35.42044919538266
PG,2019-12-31,166.3397878030877,30,10,0,90.16615384615385,0,36.3103248558463
PG,2020-03-31,181.8769168913413,30,10,0,93.9323076923077,0,45.42659250757436
PG,2020-06-30,237.7895161207172,30,10,0,93.72923076923078,0,106.40258651016221
PG,2020-09-30,128.9235061181195,30,10,0,56.260606060606065,0,34.8482797789249
PG,2020-12-31,122.27373910926838,30,10,0,50.7030303030303,0,30.230191303979943
PG,2021-03-31,122.34706200404021,30,10,0,51.31692307692308,0,31.561825604871057
PG,2021-06-30,129.17645292567929,30,10,0,55.45,0,32.17248966797654
PG,2021-09-30,114.44174646777398,30,10,0,49.36119402985076,0,25.11330473823194
PG,2021-12-31,126.81077885101787,30,10,0,60.34545454545455,0,24.781331550148362
PG,2022-03-31,167.74110740841283,30,10,0,94.09375,0,36.131544882110376
PG,2022-06-30,233.85089663550426,30,10,0,146.47384615384615,0,47.40605364354994
PG,2022-09-30,256.21874857761304,30,10,0,166.56119402985075,0,50.16321058223387
PG,2022-12-31,276.1917559438016,30,10,0,198.10461538461539,0,41.00527877703608
PG,2023-03-31,251.42886168664066,30,10,0,183.25625000000002,0,31.924958761525502
PG,2023-06-30,256.5731650269466,30,10,0,185.6123076923077,0,29.31505964997966
PG,2023-09-30,266.79881631350173,30,10,0,199.45454545454547,0,28.186556576279422
PG,2023-12-31,269.66956286966405,30,10,0,204.23384615384617,0,27.88918939177148
T,2018-03-31,260.057932205536,120,25,0,115.98125,0,0.0
T,2018-06-30,331.5598728797016,120,25,0,131.96969696969697,0,43.761194879451324
T,2018-09-30,303.35226896783297,120,25,0,134.61818181818182,0,45.62917046522162
T,2018-12-31,324.8445380598729,120,25,0,146.91076923076923,0,47.30150025217558
T,2019-03-31,322.2727307464829,120,25,0,135.50625,0,50.626190588677446
T,2019-06-30,310.39478185275186,120,25,0,116.11692307692309,0,35.250541655313675
T,2019-09-30,278.1419645827278,120,25,0,95.74925373134329,0,34.67987581535926
T,2019-12-31,279.4722316866993,120,25,0,90.16615384615385,0,36.93983233211766
T,2020-03-31,276.8870044296965,120,25,0,93.9323076923077,0,48.90024156100066
T,2020-06-30,340.8650656419572,120,25,0,93.72923076923078,0,112.88337927532343
T,2020-09-30,254.50498661970695,120,25,0,56.260606060606065,0,48.94536887856286
T,2020-12-31,233.57491660800972,120,25,0,50.7030303030303,0,37.312452727999116
T,2021-03-31,243.15467511506424,120,25,0,51.31692307692308,0,41.56985937704556
T,2021-06-30,237.0211765842392,120,25,0,55.45,0,38.37281809715236
T,2021-09-30,227.27482987882624,120,25,0,49.36119402985076,0,30.243456075011082
T,2021-12-31,241.90600527893406,120,25,0,60.34545454545455,0,35.042607518390476
T,2022-03-31,307.6406921942826,120,25,0,94.09375,0,61.08037525906737
T,2022-06-30,355.0113723238829,120,25,0,146.47384615384615,0,55.790246663369835
T,2022-09-30,348.3662542805512,120,25,0,166.56119402985075,0,52.35583139686136
T,2022-12-31,375.62836490702523,120,25,0,198.10461538461539,0,54.09752765368202
T,2023-03-31,384.1370013978159,120,25,0,183.25625000000002,0,46.2639955803614
T,2023-06-30,398.8966700933942,120,25,0,185.6123076923077,0,56.88220150577196
T,2023-09-30,396.60080194678693,120,25,0,199.45454545454547,0,61.944237479569495
T,2023-12-31,382.4976400626643,120,25,0,204.23384615384617,0,51.118213811656155
UAL,2018-03-31,272.6715049905613,280,15,0,-24.546875,0,0.0
UAL,2018-06-30,350.9892533758005,280,15,0,-26.77272727272728,0,61.911204378275876
UAL,2018-09-30,361.71870710695435,280,15,0,-26.848484848484844,0,53.301074652910586
UAL,2018-12-31,365.95282014596387,280,15,0,3.5307692307692378,0,55.85698530012214
UAL,2019-03-31,366.05406368321604,280,15,0,12.015625,0,67.3648926867356
UAL,2019-06-30,322.24829120864786,280,15,0,1.0923076923076849,0,46.16210943984104
UAL,2019-09-30,345.9698861830726,280,15,0,4.119402985074629,0,46.5939742645753
UAL,2019-12-31,329.5461732031086,280,15,0,-1.946153846153834,0,43.19585641629212
UAL,2020-03-31,422.9255986238811,280,15,0,57.21538461538461,0,93.44773509682196
UAL,2020-06-30,806.1633230588279,280,15,0,157.44615384615383,0,307.8250426333364
UAL,2020-09-30,606.322629161471,280,15,0,68.49242424242425,0,202.84243271263094
UAL,2020-12-31,468.58730042706725,280,15,0,27.431818181818187,0,120.70799173360747
UAL,2021-03-31,365.6551612308087,280,15,0,-19.207692307692298,0,110.48990244942547
UAL,2021-06-30,373.43961555641283,280,15,0,-37.125,0,96.41218269215383
UAL,2021-09-30,342.0081100122606,280,15,0,-39.82835820895522,0,72.50883664846286
UAL,2021-12-31,347.35405068241573,280,15,0,-39.28030303030303,0,81.72133173054796
UAL,2022-03-31,409.421237336442,280,15,0,-22.046875,0,108.4756103546614
UAL,2022-06-30,459.49997712902274,280,15,0,17.36153846153846,0,132.90612506739174
UAL,2022-09-30,475.9224434355231,280,15,0,46.57462686567163,0,117.77149767663437
UAL,2022-12-31,433.85674663850955,280,15,0,37.446153846153834,0,87.14389204481819
UAL,2023-03-31,407.20343107929125,280,15,0,21.1953125,0,83.37439104004409
UAL,2023-06-30,359.7155025636535,280,15,0,25.85384615384615,0,78.81454571540509
UAL,2023-09-30,353.7541567153709,280,15,0,-4.53787878787881,0,61.41892336925328
UAL,2023-12-31,348.6120291469914,280,15,0,-1.0999999999999943,0,67.17072902521184
VZ,2018-03-31,248.6947768066558,120,25,0,115.98125,0,0.0
VZ,2018-06-30,336.7504432387938,120,25,0,131.96969696969697,0,43.635306723808945
VZ,2018-09-30,332.0548138187202,120,25,0,134.61818181818182,0,35.8382767280356
VZ,2018-12-31,341.0198545415539,120,25,0,146.91076923076923,0,36.060567547946796
VZ,2019-03-31,326.33481754256474,120,25,0,135.50625,0,43.37851874074828
VZ,2019-06-30,308.7305473341171,120,25,0,116.11692307692309,0,34.647623096048505
VZ,2019-09-30,277.1162552416993,120,25,0,95.74925373134329,0,36.25129097657848
VZ,2019-12-31,261.4854127634607,120,25,0,90.16615384615385,0,24.37240505908816
VZ,2020-03-31,264.4834273808036,120,25,0,93.9323076923077,0,36.04844484493096
VZ,2020-06-30,319.0389136379561,120,25,0,93.72923076923078,0,76.4985663455365
VZ,2020-09-30,237.57657420984856,120,25,0,56.260606060606065,0,35.736263236368096
VZ,2020-12-31,207.7737330046917,120,25,0,50.7030303030303,0,24.57616302327228
VZ,2021-03-31,228.2560745453769,120,25,0,51.31692307692308,0,32.43064374189314
VZ,2021-06-30,231.1053651809794,120,25,0,55.45,0,31.42076899400476
VZ,2021-09-30,229.59662048480783,120,25,0,49.36119402985076,0,17.97883925516852
VZ,2021-12-31,238.36946811305936,120,25,0,60.34545454545455,0,24.43956561387608
VZ,2022-03-31,274.7041430725268,120,25,0,94.09375,0,35.5005168572487
VZ,2022-06-30,338.0671511503093,120,25,0,146.47384615384615,0,44.2049468223728
VZ,2022-09-30,359.6366422568586,120,25,0,166.56119402985075,0,47.6510093972075
VZ,2022-12-31,390.4092267338356,120,25,0,198.10461538461539,0,49.2525856032575
VZ,2023-03-31,359.2850440974446,120,25,0,183.25625000000002,0,41.420095192372095
VZ,2023-06-30,368.531604526512,120,25,0,185.6123076923077,0,39.36939485923086
VZ,2023-09-30,388.45936402116746,120,25,0,199.45454545454547,0,51.16736183048608
VZ,2023-12-31,387.1018844203203,120,25,0,204.23384615384617,0,49.8710674401363
WFC,2018-03-31,198.43511470982816,60,20,0,115.98125,0,0.0
WFC,2018-06-30,266.1174692078852,60,20,0,131.96969696969697,0,52.269701870508726
WFC,2018-09-30,243.05539831261413,60,20,0,134.61818181818182,0,37.01341254899908
WFC,2018-12-31,265.5013928072261,60,20,0,146.91076923076923,0,39.1795098364335
WFC,2019-03-31,267.2452556426776,60,20,0,135.50625,0,46.95963899035794
WFC,2019-06-30,236.86488860241334,60,20,0,116.11692307692309,0,35.6636915787879
WFC,2019-09-30,225.93399021814022,60,20,0,95.74925373134329,0,45.2607196409478
WFC,2019-12-31,212.18581394734187,60,20,0,90.16615384615385,0,41.832876708061015
WFC,2020-03-31,234.94613222442146,60,20,0,93.9323076923077,0,65.0700421063657
WFC,2020-06-30,347.04871422083164,60,20,0,93.72923076923078,0,178.52123782291957
WFC,2020-09-30,249.33875317075038,60,20,0,56.260606060606065,0,111.4240435673426
WFC,2020-12-31,209.53314371322065,60,20,0,50.7030303030303,0,77.00956924523756
WFC,2021-03-31,221.77485842556504,60,20,0,51.31692307692308,0,84.27874601293767
WFC,2021-06-30,205.65031770632748,60,20,0,55.45,0,64.92041538468551
WFC,2021-09-30,192.92106955672926,60,20,0,49.36119402985076,0,64.19457307822812
WFC,2021-12-31,197.14872787342802,60,20,0,60.34545454545455,0,62.77546154650566
WFC,2022-03-31,242.80653581608078,60,20,0,94.09375,0,70.24449748173308
WFC,2022-06-30,303.27846921614326,60,20,0,146.47384615384615,0,75.7619133272066
WFC,2022-09-30,316.18612883904166,60,20,0,166.56119402985075,0,70.59493438706004
WFC,2022-12-31,335.9605218745075,60,20,0,198.10461538461539,0,60.62979820866487
WFC,2023-03-31,316.23499678584204,60,20,0,183.25625000000002,0,51.7648996739865
WFC,2023-06-30,333.82602338317827,60,20,0,185.6123076923077,0,70.63271284964148
WFC,2023-09-30,326.6080120201658,60,20,0,199.45454545454547,0,50.16818376750209
WFC,2023-12-31,330.9711898213184,60,20,0,204.23384615384617,0,45.24237006281568
WMT,2018-03-31,155.0164678076899,30,10,0,115.98125,0,0.0
WMT,2018-06-30,224.66020159659197,30,10,0,131.96969696969697,0,52.10465409334698
WMT,2018-09-30,214.63997677505682,30,10,0,134.61818181818182,0,39.36610530202988
WMT,2018-12-31,226.29844640965763,30,10,0,146.91076923076923,0,42.122306781508165
WMT,2019-03-31,216.65883633149832,30,10,0,135.50625,0,42.3075650287753
WMT,2019-06-30,187.11471680377792,30,10,0,116.11692307692309,0,27.547129071055338
WMT,2019-09-30,164.0724526871097,30,10,0,95.74925373134329,0,31.11218978632868
WMT,2019-12-31,154.55050505713413,30,10,0,90.16615384615385,0,29.46432188850954
WMT,2020-03-31,169.36073403506214,30,10,0,93.9323076923077,0,39.89685471053648
WMT,2020-06-30,226.55719847865183,30,10,0,93.72923076923078,0,92.75810383763702
WMT,2020-09-30,143.3760838091541,30,10,0,56.260606060606065,0,47.04127628126956
WMT,2020-12-31,134.05437381529075,30,10,0,50.7030303030303,0,43.63360956528074
WMT,2021-03-31,130.32141306056155,30,10,0,51.31692307692308,0,36.09043439421008
WMT,2021-06-30,125.7420997044107,30,10,0,55.45,0,36.70690234385774
WMT,2021-09-30,117.00975205499977,30,10,0,49.36119402985076,0,26.69831672651502
WMT,2021-12-31,132.04576704899824,30,10,0,60.34545454545455,0,27.95286081921512
WMT,2022-03-31,169.3953475406251,30,10,0,94.09375,0,38.0082713763652
WMT,2022-06-30,240.3622220633779,30,10,0,146.47384615384615,0,54.7999115378275
WMT,2022-09-30,270.4091772529385,30,10,0,166.56119402985075,0,65.6549238244364
WMT,2022-12-31,285.5374943983566,30,10,0,198.10461538461539,0,49.5793095243273
WMT,2023-03-31,260.7980398447956,30,10,0,183.25625000000002,0,38.32481865685086
WMT,2023-06-30,254.92854737050823,30,10,0,185.6123076923077,0,25.890274997357736
WMT,2023-09-30,268.24145715655436,30,10,0,199.45454545454547,0,24.37718368083886
WMT,2023-12-31,276.6937456782312,30,10,0,204.23384615384617,0,33.2661536644814
XOM,2018-03-31,185.5533945137547,30,35,0,115.98125,0,0.0
XOM,2018-06-30,243.23396942836808,30,35,0,131.96969696969697,0,46.17888891390804
XOM,2018-09-30,239.1958742186879,30,35,0,134.61818181818182,0,35.368833936423464
XOM,2018-12-31,249.18587772611488,30,35,0,146.91076923076923,0,37.49902525451404
XOM,2019-03-31,250.38420730049728,30,35,0,135.50625,0,49.56341851798654
XOM,2019-06-30,214.03916319255052,30,35,0,116.11692307692309,0,32.04510138128464
XOM,2019-09-30,204.53028570143132,30,35,0,95.74925373134329,0,36.15178313960596
XOM,2019-12-31,198.3717835639565,30,35,0,90.16615384615385,0,41.16254433817518
XOM,2020-03-31,218.08356380012475,30,35,0,93.9323076923077,0,60.84869097970056
XOM,2020-06-30,306.53423293815274,30,35,0,93.72923076923078,0,145.47940728025986
XOM,2020-09-30,208.85097836502598,30,35,0,56.260606060606065,0,88.45877039342236
XOM,2020-12-31,194.89654171166663,30,35,0,50.7030303030303,0,80.36891184759922
XOM,2021-03-31,201.85598989834136,30,35,0,51.31692307692308,0,83.35842355767721
XOM,2021-06-30,182.1486016982075,30,35,0,55.45,0,61.623996287556736
XOM,2021-09-30,170.79384604588847,30,35,0,49.36119402985076,0,55.76406982120938
XOM,2021-12-31,179.19549262538362,30,35,0,60.34545454545455,0,53.81647354745236
XOM,2022-03-31,218.3180499867278,30,35,0,94.09375,0,58.41650048287478
XOM,2022-06-30,285.8414020519812,30,35,0,146.47384615384615,0,73.34763774428832
XOM,2022-09-30,306.0337503656156,30,35,0,166.56119402985075,0,79.12127697425784
XOM,2022-12-31,332.4232981577499,30,35,0,198.10461538461539,0,67.71890836847166
XOM,2023-03-31,300.3573321501342,30,35,0,183.25625000000002,0,54.457928757726904
XOM,2023-06-30,304.7331441219394,30,35,0,185.6123076923077,0,57.5823543549743
XOM,2023-09-30,309.3870550268771,30,35,0,199.45454545454547,0,45.072696557592415
XOM,2023-12-31,318.2301983122313,30,35,0,204.23384615384617,0,48.79479775043044
